<news>
	<news-item>
		<date>07 APR 2020</date>
		<headline>Second Reading Speech by Second Minister for Finance Lawrence Wong on COVID-19 (Temporary Measures) Bill, on 7 Apr 2020 at Parliament</headline>
	</news-item>
  <news-item>
		<date>07 APR 2020</date>
		<headline>Supplementary Budget 2020 Debate Round-Up Speech by Deputy Prime Minister and Minister for Finance, Mr Heng Swee Keat</headline>
	</news-item>
  <news-item>
		<date>06 APR 2020</date>
		<headline>Ministerial Statement on Singapore’s Solidarity Budget</headline>
	</news-item>
  <news-item>
		<date>26 MAR 2020</date>
		<headline>Ministerial Statement On Additional Support Measures in Response to COVID-19 Pandemic</headline>
	</news-item>
  <news-item>
		<date>28 FEB 2020</date>
		<headline>Supplementary Budget 2020 Debate Round-Up Speech by Deputy Prime Minister and Minister for Finance, Mr Heng Swee Keat</headline>
	</news-item>
  <news-item>
		<date>28 FEB 2020</date>
		<headline>MOF Committee of Supply Debate 2020 by Second Minister of Finance Mr Lawrence Wong</headline>
	</news-item>
  <news-item>
		<date>28 FEB 2020</date>
		<headline>MOF Committee of Supply Debate 2020 by Second Minister of Finance Ms Indranee Rajah</headline>
	</news-item>
  <news-item>
		<date>18 FEB 2020</date>
		<headline>Deputy Prime Minister and Minister for Finance, Mr Heng Swee Keat, delivered Singapore’s FY2020 Buget Statement on 18 Feb 2020</headline>
	</news-item>
  <news-item>
		<date>20 JAN 2020</date>
		<headline>Speech by Deputy Prime Minister and Minister for Finance Heng Swee Keat at the Singapore Perspective Conference 2020 on Monday, 20 January 2020</headline>
	</news-item>
  <news-item>
		<date>14 JAN 2020</date>
		<headline>Speech by Deputy Prime Minister and Minister for Finance Heng Swee Keat at the Singapore Health Quality Service Awards 2020 on Tuesday, 14 January 2020, 3:00pm at the University Cultural Centre</headline>
	</news-item>
</news>